time,intensity,state,horde,threat,alive,maxAlive,rate
0.0,0.000,Calm,Calm,1,0,0,0.00
1.0,0.000,Calm,Calm,1,0,45,0.41
2.0,0.000,Calm,Calm,1,0,45,0.41
3.1,0.000,Calm,Calm,1,0,45,0.41
4.1,0.000,Calm,Calm,1,0,45,0.41
5.1,0.000,Calm,Calm,1,2,46,0.41
6.2,0.000,Calm,Calm,1,1,46,0.41
7.2,0.000,Calm,Calm,1,1,46,0.42
8.2,0.000,BuildUp,Calm,1,1,46,1.19
9.2,0.000,BuildUp,Calm,1,3,47,1.20
10.2,0.000,BuildUp,Low,1,3,47,1.20
11.2,0.000,BuildUp,Low,1,2,47,1.21
12.2,0.000,BuildUp,Low,1,4,47,1.21
13.2,0.000,BuildUp,Low,1,3,48,1.21
14.2,0.000,BuildUp,Low,1,3,48,1.22
15.2,0.000,BuildUp,Low,1,6,48,1.22
16.2,0.000,BuildUp,Low,1,7,48,1.23
17.2,0.000,BuildUp,Low,1,6,49,1.23
18.3,0.000,BuildUp,Low,1,4,49,1.23
19.3,0.000,BuildUp,Low,1,4,49,1.24
20.3,0.000,BuildUp,Low,1,4,49,1.24
21.4,0.000,BuildUp,Low,1,4,49,1.25
22.4,0.000,BuildUp,Low,1,3,50,1.25
23.4,0.000,BuildUp,Low,1,3,50,1.25
24.5,0.000,BuildUp,Low,1,3,50,1.26
25.5,0.000,BuildUp,Low,1,2,50,1.26
26.5,0.000,BuildUp,Low,1,2,51,1.27
27.6,0.000,BuildUp,Low,1,2,51,1.27
28.6,0.000,BuildUp,Low,1,2,51,1.28
29.6,0.000,BuildUp,Low,1,16,51,1.28
30.7,0.000,BuildUp,Low,1,15,52,1.28
31.7,0.000,BuildUp,Low,1,18,52,1.29
32.7,0.000,BuildUp,Low,1,19,52,1.29
33.8,0.000,BuildUp,Low,1,16,52,1.30
34.8,0.000,BuildUp,Low,1,19,53,1.30
35.8,0.022,BuildUp,Low,1,17,53,1.30
36.9,0.022,BuildUp,Low,1,16,53,1.31
37.9,0.022,BuildUp,Low,1,14,53,1.31
38.9,0.022,BuildUp,Low,1,14,54,1.32
40.0,0.022,BuildUp,Low,1,14,54,1.32
41.0,0.022,BuildUp,Low,1,21,54,1.33
42.0,0.000,BuildUp,Low,1,18,54,1.33
43.1,0.000,BuildUp,Low,1,16,55,1.33
44.1,0.000,BuildUp,Low,1,12,55,1.34
45.1,0.000,Peak,Low,1,12,55,2.55
46.2,0.000,Peak,Low,1,12,55,2.56
47.2,0.000,Peak,Medium,1,11,56,2.57
48.2,0.000,Peak,Medium,1,21,56,2.57
49.3,0.000,Peak,Medium,1,18,56,2.58
50.3,0.000,Peak,Medium,1,16,56,2.59
51.3,0.000,PeakHold,Medium,1,16,56,1.91
52.4,0.000,PeakHold,Medium,1,16,57,1.92
53.4,0.022,PeakHold,Low,1,14,57,1.93
54.4,0.000,PeakHold,Low,1,28,57,1.93
55.5,0.000,PeakHold,Low,1,23,57,1.94
56.5,0.000,PeakHold,Low,1,21,58,1.94
57.5,0.000,PeakHold,Low,1,21,58,1.95
58.6,0.000,PeakHold,Low,1,21,58,1.96
59.6,0.000,PeakHold,Low,1,26,58,1.96
60.6,0.000,PeakHold,Low,1,25,59,1.97
61.7,0.000,PeakHold,Low,1,21,59,1.97
62.7,0.000,PeakHold,Low,1,19,59,1.98
63.7,0.000,PeakHold,Low,1,26,59,1.98
64.8,0.000,PeakHold,Low,1,25,60,1.99
65.8,0.000,PeakHold,Low,1,22,60,2.00
66.8,0.000,PeakHold,Low,1,20,60,2.00
67.9,0.000,Relax,Low,1,20,60,0.22
68.9,0.000,Relax,Calm,1,20,61,0.22
69.9,0.022,Relax,Calm,1,19,61,0.22
71.0,0.000,Relax,Calm,1,15,61,0.22
72.0,0.000,Relax,Calm,1,11,61,0.22
73.0,0.000,Relax,Calm,1,11,62,0.22
74.1,0.000,Relax,Calm,1,11,62,0.22
75.1,0.000,Relax,Calm,1,10,62,0.22
76.1,0.000,Relax,Calm,1,8,62,0.22
77.2,0.000,Relax,Calm,1,5,63,0.22
78.2,0.000,Relax,Calm,1,3,63,0.22
79.2,0.000,Relax,Calm,1,2,63,0.22
80.3,0.000,Relax,Calm,1,2,63,0.22
81.3,0.000,Relax,Calm,1,1,63,0.22
82.3,0.000,Relax,Calm,1,0,64,0.22
83.4,0.000,Relax,Calm,1,0,64,0.22
84.4,0.000,BuildUp,Calm,1,2,64,1.50
85.4,0.000,BuildUp,Calm,1,0,64,1.50
86.5,0.000,BuildUp,Low,1,3,65,1.51
87.5,0.000,BuildUp,Low,1,3,65,1.51
88.5,0.000,BuildUp,Low,1,2,65,1.52
89.6,0.000,BuildUp,Low,1,7,65,1.52
90.6,0.000,BuildUp,Low,1,6,66,1.53
91.6,0.000,BuildUp,Low,1,3,66,1.53
92.7,0.000,BuildUp,Low,1,2,66,1.53
93.7,0.000,BuildUp,Low,1,2,66,1.54
94.7,0.000,BuildUp,Low,1,2,67,1.54
95.8,0.000,BuildUp,Low,1,1,67,1.55
96.8,0.000,BuildUp,Low,1,1,67,1.55
97.8,0.000,BuildUp,Low,1,13,67,1.55
98.9,0.000,BuildUp,Low,1,12,68,1.56
99.9,0.000,BuildUp,Low,1,12,68,1.56
100.9,0.000,BuildUp,Low,1,12,68,1.57
102.0,0.000,BuildUp,Low,1,12,68,1.57
103.0,0.000,BuildUp,Low,1,12,69,1.58
104.0,0.000,BuildUp,Low,1,12,69,1.58
105.1,0.000,BuildUp,Low,1,23,69,1.58
106.1,0.000,BuildUp,Low,1,21,69,1.59
107.1,0.000,BuildUp,Low,1,21,69,1.59
108.2,0.000,BuildUp,Low,1,23,70,1.60
109.2,0.000,BuildUp,Low,1,23,70,1.60
110.2,0.000,BuildUp,Low,1,21,70,1.60
111.3,0.000,BuildUp,Low,1,21,70,1.61
112.3,0.000,BuildUp,Low,1,21,71,1.61
113.3,0.000,BuildUp,Low,1,27,71,1.62
114.4,0.000,BuildUp,Low,1,27,71,1.62
115.4,0.000,BuildUp,Low,1,26,71,1.63
116.4,0.000,Relax,Low,1,25,72,0.24
117.5,0.000,Relax,Low,1,25,72,0.25
118.5,0.000,Relax,Calm,1,25,72,0.25
119.5,0.000,Relax,Calm,1,25,72,0.25
120.6,0.000,Relax,Calm,1,22,73,0.25
121.6,0.000,Relax,Calm,1,13,73,0.25
122.6,0.000,Relax,Calm,1,11,73,0.25
123.7,0.000,Relax,Calm,1,8,73,0.25
124.7,0.000,Relax,Calm,1,8,74,0.25
125.7,0.044,Relax,Calm,1,6,74,0.25
126.8,0.000,Relax,Calm,1,7,74,0.25
127.8,0.000,BuildUp,Calm,1,7,74,1.68
128.8,0.000,BuildUp,Low,1,9,75,1.68
129.8,0.000,BuildUp,Low,1,5,75,1.68
130.8,0.022,BuildUp,Low,1,4,75,1.69
131.8,0.022,BuildUp,Low,1,4,75,1.69
132.8,0.022,BuildUp,Low,1,4,75,1.70
133.8,0.000,BuildUp,Low,1,4,76,1.70
134.8,0.000,BuildUp,Low,1,14,76,1.70
135.8,0.022,BuildUp,Low,1,16,76,1.71
136.8,0.022,BuildUp,Low,1,16,76,1.71
137.8,0.022,BuildUp,Low,1,14,77,1.72
138.8,0.022,BuildUp,Low,1,12,77,1.72
139.8,0.000,BuildUp,Low,1,17,77,1.72
140.8,0.000,BuildUp,Low,1,14,77,1.73
141.8,0.000,BuildUp,Low,1,17,78,1.73
142.8,0.000,BuildUp,Low,1,19,78,1.74
143.8,0.000,BuildUp,Low,1,18,78,1.74
144.8,0.000,BuildUp,Low,1,14,78,1.74
145.8,0.000,BuildUp,Low,1,11,79,1.75
146.8,0.000,BuildUp,Low,1,11,79,1.75
147.8,0.000,BuildUp,Low,1,11,79,1.76
148.8,0.000,BuildUp,Low,1,11,79,1.76
149.8,0.000,BuildUp,Low,1,22,79,1.76
150.8,0.000,BuildUp,Low,1,24,80,1.77
151.8,0.000,BuildUp,Low,1,24,80,1.77
152.8,0.000,BuildUp,Low,1,25,80,1.78
153.8,0.000,BuildUp,Low,1,28,80,1.78
154.8,0.000,BuildUp,Low,1,28,81,1.78
155.8,0.022,BuildUp,Low,1,30,81,1.79
156.8,0.044,BuildUp,Low,1,29,81,1.79
157.8,0.022,BuildUp,Low,1,28,81,1.80
158.8,0.000,BuildUp,Low,1,23,82,1.80
159.8,0.000,BuildUp,Low,1,23,82,1.80
160.8,0.044,BuildUp,Low,1,29,82,1.81
161.8,0.066,BuildUp,Low,1,26,82,1.81
162.8,0.066,BuildUp,Low,1,24,82,1.82
163.8,0.044,Peak,Low,1,20,83,3.46
164.8,0.022,Peak,Low,1,17,83,3.47
165.8,0.022,Peak,Medium,1,17,83,3.47
166.8,0.000,Peak,Medium,1,14,83,3.48
167.8,0.000,Peak,Medium,1,11,84,3.49
168.8,0.000,Peak,Medium,1,7,84,3.50
169.8,0.000,PeakHold,Medium,1,14,84,2.58
170.8,0.000,PeakHold,Medium,1,30,84,2.59
171.8,0.000,PeakHold,Low,1,29,85,2.59
172.8,0.000,PeakHold,Low,1,25,85,2.60
173.8,0.000,PeakHold,Low,1,23,85,2.61
174.8,0.000,PeakHold,Low,1,33,85,2.61
175.8,0.000,PeakHold,Low,1,34,86,2.62
176.8,0.000,PeakHold,Low,1,32,86,2.62
177.8,0.000,PeakHold,Low,1,30,86,2.63
178.8,0.000,PeakHold,Low,1,34,86,2.63
179.8,0.000,PeakHold,Low,1,31,86,2.64
180.8,0.000,PeakHold,Low,2,30,100,3.04
181.8,0.000,PeakHold,Low,2,30,100,3.05
182.8,0.000,PeakHold,Low,2,35,100,3.05
183.8,0.000,PeakHold,Low,2,31,101,3.06
184.8,0.132,PeakHold,Low,2,28,101,3.07
185.8,0.132,PeakHold,Low,2,36,101,3.07
186.8,0.154,PeakHold,Medium,2,36,101,3.08
187.8,0.154,PeakHold,Medium,2,35,102,3.09
188.8,0.176,PeakHold,Medium,2,46,102,3.09
189.8,0.176,PeakHold,Medium,2,43,102,3.10
190.8,0.000,PeakHold,Medium,2,38,102,3.11
191.8,0.000,PeakHold,Medium,2,37,103,3.11
192.8,0.000,PeakHold,Low,2,37,103,3.12
193.8,0.000,PeakHold,Low,2,48,103,3.13
194.8,0.000,PeakHold,Low,2,47,104,3.13
195.8,0.000,PeakHold,Low,2,42,104,3.14
196.8,0.000,PeakHold,Low,2,44,104,3.15
197.8,0.000,PeakHold,Low,2,44,104,3.15
198.8,0.000,PeakHold,Low,2,43,105,3.16
199.8,0.000,Relax,Low,2,47,105,0.34
200.8,0.000,Relax,Calm,2,44,105,0.34
201.8,0.000,Relax,Calm,2,41,105,0.34
202.8,0.000,Relax,Calm,2,44,106,0.34
203.8,0.000,Relax,Calm,2,44,106,0.34
204.8,0.000,Relax,Calm,2,40,106,0.34
205.8,0.000,Relax,Calm,2,35,106,0.34
206.8,0.000,Relax,Calm,2,33,107,0.34
207.8,0.022,Relax,Calm,2,31,107,0.34
208.8,0.110,Relax,Calm,2,29,107,0.35
209.8,0.391,Relax,Calm,2,29,108,0.35
210.8,1.000,Relax,Calm,2,27,108,0.35
211.8,0.873,Relax,High,2,28,108,0.35
212.8,0.698,Relax,High,2,20,108,0.35
213.8,0.434,Relax,High,2,15,109,0.35
214.8,0.221,Relax,High,2,13,109,0.35
215.8,0.105,Relax,High,2,13,109,0.35
216.8,0.078,Relax,Calm,2,9,109,0.35
217.8,0.069,Relax,Calm,2,7,110,0.35
218.8,0.067,BuildUp,Calm,2,6,110,2.35
219.8,0.062,BuildUp,Low,2,6,110,2.35
220.8,0.060,BuildUp,Low,2,6,111,2.36
221.8,0.060,BuildUp,Low,2,6,111,2.36
222.8,0.059,BuildUp,Low,2,5,111,2.37
223.8,0.059,BuildUp,Low,2,15,111,2.37
224.8,0.059,BuildUp,Low,2,15,112,2.38
225.8,0.055,BuildUp,Low,2,15,112,2.38
226.8,0.050,BuildUp,Low,2,12,112,2.39
227.8,0.043,BuildUp,Low,2,9,112,2.39
228.8,0.043,BuildUp,Low,2,17,113,2.40
229.8,0.061,BuildUp,Low,2,18,113,2.40
230.8,0.061,BuildUp,Low,2,20,113,2.40
231.8,0.054,BuildUp,Low,2,21,113,2.41
232.8,0.051,BuildUp,Low,2,20,114,2.41
233.8,0.049,BuildUp,Low,2,24,114,2.42
234.8,0.071,BuildUp,Low,2,24,114,2.42
235.8,0.071,BuildUp,Low,2,24,115,2.43
236.8,0.044,BuildUp,Low,2,20,115,2.43
237.8,0.039,BuildUp,Low,2,28,115,2.44
238.8,0.039,BuildUp,Low,2,30,115,2.44
239.8,0.039,BuildUp,Low,2,30,116,2.45
240.8,0.039,BuildUp,Low,2,32,116,2.45
241.8,0.031,BuildUp,Low,2,29,116,2.46
242.8,0.026,BuildUp,Low,2,32,116,2.46
243.8,0.021,BuildUp,Low,2,31,117,2.46
244.8,0.129,BuildUp,Low,2,30,117,2.47
245.8,0.107,BuildUp,Low,2,30,117,2.47
246.8,0.104,BuildUp,Low,2,27,117,2.48
247.8,0.097,BuildUp,Low,2,24,118,2.48
248.8,0.088,BuildUp,Low,2,34,118,2.49
249.8,0.037,BuildUp,Low,2,28,118,2.49
250.8,0.117,BuildUp,Low,2,28,119,2.50
251.8,0.114,BuildUp,Low,2,26,119,2.50
252.8,0.194,BuildUp,Low,2,36,119,2.51
253.8,0.098,BuildUp,Low,2,33,119,2.51
254.8,0.076,BuildUp,Low,2,34,120,2.52
255.8,0.062,BuildUp,Low,2,36,120,2.52
256.9,0.062,BuildUp,Low,2,41,120,2.52
257.9,0.060,BuildUp,Low,2,40,120,2.53
258.9,0.060,BuildUp,Low,2,40,121,2.53
260.0,0.060,BuildUp,Low,2,48,121,2.54
261.0,0.060,BuildUp,Low,2,47,121,2.54
262.0,0.055,BuildUp,Low,2,48,122,2.55
263.1,0.046,BuildUp,Low,2,47,122,2.55
264.1,0.090,BuildUp,Low,2,47,122,2.56
265.1,0.178,BuildUp,Low,2,47,122,2.56
266.2,0.112,BuildUp,Low,2,45,123,2.57
267.2,0.034,BuildUp,Low,2,50,123,2.57
268.2,0.022,BuildUp,Low,2,45,123,2.58
269.3,0.020,BuildUp,Low,2,44,124,2.58
270.3,0.013,BuildUp,Low,2,41,124,2.59
271.3,0.013,BuildUp,Low,2,49,124,2.59
272.4,0.013,BuildUp,Low,2,49,124,2.60
273.4,0.013,BuildUp,Low,2,49,125,2.60
274.4,0.013,BuildUp,Low,2,58,125,2.61
275.5,0.011,BuildUp,Low,2,56,125,2.61
276.5,0.008,BuildUp,Low,2,55,125,2.62
277.5,0.008,BuildUp,Low,2,62,126,2.62
278.6,0.008,BuildUp,Low,2,62,126,2.63
279.6,0.118,BuildUp,Low,2,62,126,2.63
280.6,0.316,Peak,Low,2,62,127,5.01
281.7,0.969,Peak,Low,2,70,127,5.02
282.7,1.000,Peak,Low,2,63,127,5.02
283.7,1.000,Peak,Extreme,2,56,127,5.03
284.8,1.000,Peak,Extreme,2,52,128,5.04
285.8,1.000,Peak,Extreme,2,52,128,5.05
286.8,1.000,PeakHold,Extreme,2,71,128,3.73
287.9,1.000,PeakHold,Extreme,2,66,128,3.74
288.9,1.000,PeakHold,Extreme,2,68,129,3.74
289.9,1.000,PeakHold,Extreme,2,60,129,3.75
291.0,1.000,PeakHold,Extreme,2,69,129,3.76
292.0,0.942,PeakHold,Extreme,2,63,130,3.76
293.0,0.806,PeakHold,Extreme,2,66,130,3.77
294.0,0.619,PeakHold,Extreme,2,68,130,3.78
295.1,0.514,PeakHold,High,2,63,130,3.78
296.1,0.455,PeakHold,High,2,68,131,3.79
297.1,0.335,PeakHold,High,2,67,131,3.80
298.2,0.209,PeakHold,Medium,2,64,131,3.80
299.2,0.222,PeakHold,Medium,2,59,132,3.81
300.2,0.340,PeakHold,Medium,2,51,132,3.82
301.3,0.561,PeakHold,Medium,2,60,132,3.82
302.3,0.683,PeakHold,Medium,2,66,132,3.83
303.3,0.492,PeakHold,High,2,60,133,3.84
304.4,0.111,PeakHold,High,2,50,133,3.84
305.4,0.101,Relax,High,2,51,133,0.41
306.4,0.092,Relax,High,2,51,133,0.41
307.5,0.114,Relax,Calm,2,51,134,0.41
308.5,0.090,Relax,Calm,2,47,134,0.41
309.5,0.076,Relax,Calm,2,43,134,0.42
310.6,0.074,Relax,Calm,2,42,135,0.42
311.6,0.074,Relax,Calm,2,43,135,0.42
312.6,0.096,Relax,Calm,2,43,135,0.42
313.7,0.073,Relax,Calm,2,43,135,0.42
314.7,0.073,Relax,Calm,2,43,136,0.42
315.7,0.095,Relax,Calm,2,43,136,0.42
316.8,0.093,Relax,Calm,2,41,136,0.42
317.8,0.088,Relax,Calm,2,39,137,0.42
318.8,0.104,Relax,Calm,2,35,137,0.42
319.9,0.162,Relax,Calm,2,30,137,0.42
320.9,0.126,BuildUp,Calm,2,26,137,2.82
321.9,0.341,BuildUp,Calm,2,26,138,2.83
323.0,0.205,BuildUp,Calm,2,19,138,2.83
324.0,0.037,BuildUp,Calm,2,13,138,2.84
325.0,0.026,BuildUp,Low,2,21,138,2.84
326.1,0.023,BuildUp,Low,2,19,139,2.85
327.1,0.023,BuildUp,Low,2,27,139,2.85
328.1,0.016,BuildUp,Low,2,25,139,2.86
329.2,0.012,BuildUp,Low,2,24,140,2.86
330.2,0.005,BuildUp,Low,2,26,140,2.86
331.2,0.003,BuildUp,Low,2,26,140,2.87
332.3,0.000,BuildUp,Low,2,28,140,2.87
333.3,0.088,BuildUp,Low,2,30,141,2.88
334.3,0.110,BuildUp,Low,2,29,141,2.88
335.4,0.330,BuildUp,Low,2,25,141,2.89
336.4,0.109,BuildUp,Low,2,20,142,2.89
337.4,0.029,BuildUp,Low,2,27,142,2.90
338.5,0.029,BuildUp,Low,2,27,142,2.90
339.5,0.027,BuildUp,Low,2,22,142,2.91
340.5,0.011,BuildUp,Low,2,25,143,2.91
341.6,0.004,BuildUp,Low,2,21,143,2.92
342.6,0.004,BuildUp,Low,2,28,143,2.92
343.6,0.004,BuildUp,Low,2,28,143,2.93
344.7,0.001,BuildUp,Low,2,26,144,2.93
345.7,0.000,BuildUp,Low,2,29,144,2.94
346.7,0.000,BuildUp,Low,2,31,144,2.94
347.8,0.000,BuildUp,Low,2,35,145,2.95
348.8,0.000,BuildUp,Low,2,32,145,2.95
349.8,0.000,BuildUp,Low,2,29,145,2.96
350.9,0.000,BuildUp,Low,2,36,145,2.96
351.9,0.000,BuildUp,Low,2,33,146,2.97
352.9,0.000,BuildUp,Low,2,34,146,2.97
354.0,0.000,BuildUp,Low,2,36,146,2.97
355.0,0.000,BuildUp,Low,2,35,147,2.98
356.0,0.000,BuildUp,Low,2,32,147,2.98
357.1,0.000,BuildUp,Low,2,31,147,2.99
358.1,0.000,BuildUp,Low,2,33,147,2.99
359.1,0.000,BuildUp,Low,2,30,148,3.00
360.2,0.000,BuildUp,Low,2,30,148,3.00
361.2,0.022,BuildUp,Low,2,41,148,3.01
362.2,0.022,BuildUp,Low,2,39,148,3.01
363.3,0.022,BuildUp,Low,2,39,149,3.02
364.3,0.022,Peak,Low,2,39,149,5.74
365.3,0.022,Peak,Low,2,39,149,5.75
366.4,0.022,Peak,Medium,2,37,150,5.76
367.4,0.000,Peak,Medium,2,60,150,5.77
368.4,0.000,Peak,Medium,2,53,150,5.78
369.5,0.000,Peak,Medium,2,44,150,5.79
370.5,0.000,PeakHold,Medium,2,55,151,4.27
371.5,0.000,PeakHold,Medium,2,65,151,4.28
372.6,0.044,PeakHold,Low,2,60,151,4.29
373.6,0.044,PeakHold,Low,2,54,151,4.29
374.6,0.044,PeakHold,Low,2,67,152,4.30
375.7,0.066,PeakHold,Low,2,63,152,4.31
376.7,0.066,PeakHold,Low,2,63,152,4.31
377.7,0.022,PeakHold,Low,2,70,153,4.32
